{
    "camera_angle_x": 0.691111147403717,
    "images": [
        {
            "file_path": "images/view_019.png",
            "rotation": 0.5,
            "transform_matrix": [
                [
                    0.17364798486232758,
                    -0.9848077893257141,
                    8.940696716308594e-08,
                    -1.1181434729223838e-06
                ],
                [
                    0.28298231959342957,
                    0.0498974435031414,
                    0.9578263163566589,
                    -6.707510920023196e-07
                ],
                [
                    -0.9432747960090637,
                    -0.16632458567619324,
                    0.2873477339744568,
                    -5.220153331756592
                ],
                [
                    -0.0,
                    0.0,
                    -0.0,
                    1.0
                ]
            ]
        },
        {
            "file_path": "images/view_005.png",
            "rotation": 0.5,
            "transform_matrix": [
                [
                    -0.7660444974899292,
                    0.6427876353263855,
                    0.0,
                    4.6760426641867525e-09
                ],
                [
                    -0.18470364809036255,
                    -0.22012121975421906,
                    0.9578263759613037,
                    -2.975785946546239e-07
                ],
                [
                    0.6156789064407349,
                    0.7337375283241272,
                    0.2873478829860687,
                    -5.220153331756592
                ],
                [
                    -0.0,
                    -0.0,
                    -0.0,
                    1.0
                ]
            ]
        },
        {
            "file_path": "images/view_027.png",
            "rotation": 0.5,
            "transform_matrix": [
                [
                    1.0,
                    -1.8369701465288538e-16,
                    2.6469779601696886e-23,
                    -1.1558773685242564e-22
                ],
                [
                    5.278490620734841e-17,
                    0.2873477637767792,
                    0.9578263163566589,
                    -5.960464477539062e-07
                ],
                [
                    -1.7594985279395053e-16,
                    -0.9578263163566589,
                    0.2873477637767792,
                    -5.220153331756592
                ],
                [
                    -0.0,
                    0.0,
                    -0.0,
                    1.0
                ]
            ]
        },
        {
            "file_path": "images/view_011.png",
            "rotation": 0.5,
            "transform_matrix": [
                [
                    -0.9396926164627075,
                    -0.3420202136039734,
                    1.2665987014770508e-07,
                    1.2660758841320785e-07
                ],
                [
                    0.09827888756990433,
                    -0.27001863718032837,
                    0.9578262567520142,
                    -1.425990916459341e-07
                ],
                [
                    -0.32759591937065125,
                    0.9000623226165771,
                    0.28734785318374634,
                    -5.220152854919434
                ],
                [
                    -0.0,
                    0.0,
                    -0.0,
                    1.0
                ]
            ]
        },
        {
            "file_path": "images/view_007.png",
            "rotation": 0.5,
            "transform_matrix": [
                [
                    -0.9396926164627075,
                    0.3420202136039734,
                    -1.2665987014770508e-07,
                    -1.2660758841320785e-07
                ],
                [
                    -0.09827888756990433,
                    -0.27001863718032837,
                    0.9578262567520142,
                    -1.425990916459341e-07
                ],
                [
                    0.32759591937065125,
                    0.9000623226165771,
                    0.28734785318374634,
                    -5.220152854919434
                ],
                [
                    -0.0,
                    -0.0,
                    -0.0,
                    1.0
                ]
            ]
        },
        {
            "file_path": "images/view_020.png",
            "rotation": 0.5,
            "transform_matrix": [
                [
                    0.3420199155807495,
                    -0.9396927356719971,
                    -2.9802322387695312e-08,
                    -1.2560167306219228e-06
                ],
                [
                    0.2700185775756836,
                    0.09827863425016403,
                    0.9578262567520142,
                    -7.433687301272585e-07
                ],
                [
                    -0.9000623822212219,
                    -0.32759568095207214,
                    0.2873477339744568,
                    -5.220152854919434
                ],
                [
                    -0.0,
                    0.0,
                    -0.0,
                    1.0
                ]
            ]
        },
        {
            "file_path": "images/view_001.png",
            "rotation": 0.5,
            "transform_matrix": [
                [
                    -0.1736484169960022,
                    0.9848077297210693,
                    -1.564621925354004e-07,
                    1.4294286074800766e-06
                ],
                [
                    -0.28298240900039673,
                    -0.04989735037088394,
                    0.9578263163566589,
                    -1.9243735494001157e-07
                ],
                [
                    0.943274736404419,
                    0.16632506251335144,
                    0.2873478829860687,
                    -5.22015380859375
                ],
                [
                    -0.0,
                    -0.0,
                    -0.0,
                    1.0
                ]
            ]
        },
        {
            "file_path": "images/view_006.png",
            "rotation": 0.5,
            "transform_matrix": [
                [
                    -0.8660253882408142,
                    0.5000000596046448,
                    -8.195638656616211e-08,
                    -2.3172307805907622e-07
                ],
                [
                    -0.14367395639419556,
                    -0.24885043501853943,
                    0.9578263759613037,
                    -6.950052693355246e-07
                ],
                [
                    0.47891318798065186,
                    0.8295019268989563,
                    0.2873477637767792,
                    -5.22015380859375
                ],
                [
                    -0.0,
                    -0.0,
                    -0.0,
                    1.0
                ]
            ]
        }
    ]
}